Noise level,A_fit,k_fit,Reduced chi-squared
1,4.71481387953818,0.918307851302712,0.7906732087457314
2,5.063888697239396,0.7303962610440833,3.649382384038865
3,5.609396004398422,0.8703719525667929,10.410207288349014
4,5.73872673930863,0.725964888766666,12.626832435376443
5,4.943458492224095,0.6950119255384382,28.538124369068157
